frame,degrade,keep_ratio,yaw_deg,object_points,hit_ratio,sigma_m
000008,random_dropout,1.0000,0,5127,0.9963,
000008,random_dropout,1.0000,1,5071,0.9862,
000008,random_dropout,1.0000,2,5008,0.9481,
000008,random_dropout,0.7000,0,3631,0.9961,
000008,random_dropout,0.7000,1,3583,0.9880,
000008,random_dropout,0.7000,2,3541,0.9526,
000008,random_dropout,0.5000,0,2588,0.9977,
000008,random_dropout,0.5000,1,2558,0.9871,
000008,random_dropout,0.5000,2,2528,0.9529,
000008,random_dropout,0.3000,0,1544,0.9974,
000008,random_dropout,0.3000,1,1526,0.9875,
000008,random_dropout,0.3000,2,1508,0.9542,
000008,gaussian_noise,,0,5127,0.9963,0.0000
000008,gaussian_noise,,1,5071,0.9862,0.0000
000008,gaussian_noise,,2,5008,0.9481,0.0000
000008,gaussian_noise,,0,4970,0.9964,0.0200
000008,gaussian_noise,,1,4915,0.9862,0.0200
000008,gaussian_noise,,2,4853,0.9483,0.0200
000008,gaussian_noise,,0,4610,0.9948,0.0500
000008,gaussian_noise,,1,4559,0.9849,0.0500
000008,gaussian_noise,,2,4512,0.9466,0.0500
000008,gaussian_noise,,0,4130,0.9954,0.1000
000008,gaussian_noise,,1,4105,0.9810,0.1000
000008,gaussian_noise,,2,4047,0.9489,0.1000
000011,random_dropout,1.0000,0,725,0.9945,
000011,random_dropout,1.0000,1,656,0.7744,
000011,random_dropout,1.0000,2,592,0.4544,
000011,random_dropout,0.7000,0,509,0.9941,
000011,random_dropout,0.7000,1,461,0.7874,
000011,random_dropout,0.7000,2,411,0.4769,
000011,random_dropout,0.5000,0,370,0.9973,
000011,random_dropout,0.5000,1,333,0.8138,
000011,random_dropout,0.5000,2,295,0.4814,
000011,random_dropout,0.3000,0,215,1.0000,
000011,random_dropout,0.3000,1,197,0.8477,
000011,random_dropout,0.3000,2,175,0.4914,
000011,gaussian_noise,,0,725,0.9945,0.0000
000011,gaussian_noise,,1,656,0.7744,0.0000
000011,gaussian_noise,,2,592,0.4544,0.0000
000011,gaussian_noise,,0,715,0.9930,0.0200
000011,gaussian_noise,,1,653,0.7718,0.0200
000011,gaussian_noise,,2,587,0.4514,0.0200
000011,gaussian_noise,,0,676,0.9926,0.0500
000011,gaussian_noise,,1,620,0.7677,0.0500
000011,gaussian_noise,,2,561,0.4456,0.0500
000011,gaussian_noise,,0,591,0.9831,0.1000
000011,gaussian_noise,,1,534,0.7491,0.1000
000011,gaussian_noise,,2,493,0.4280,0.1000
