dataset,frame,yaw_deg,n_points,inside_image,object_points,hit_ratio,focal_px,image_w
kitti_mini,000008,0.0000,122555,17238,5127,0.9963,721.5000,1242
kitti_mini,000008,0.5000,122555,17281,5104,0.9957,721.5000,1242
kitti_mini,000008,1.0000,122555,17316,5071,0.9862,721.5000,1242
kitti_mini,000008,2.0000,122555,17384,5008,0.9481,721.5000,1242
kitti_mini,000008,3.0000,122555,17436,4943,0.9098,721.5000,1242
kitti_mini,000011,0.0000,108004,19946,725,0.9945,721.5000,1242
kitti_mini,000011,0.5000,108004,19946,690,0.9188,721.5000,1242
kitti_mini,000011,1.0000,108004,19952,656,0.7744,721.5000,1242
kitti_mini,000011,2.0000,108004,19963,592,0.4544,721.5000,1242
kitti_mini,000011,3.0000,108004,19948,537,0.2123,721.5000,1242
kitti_mini,000015,0.0000,122583,18334,2227,0.9798,718.3000,1238
kitti_mini,000015,0.5000,122583,18379,2206,0.9257,718.3000,1238
kitti_mini,000015,1.0000,122583,18441,2182,0.8621,718.3000,1238
kitti_mini,000015,2.0000,122583,18470,2135,0.7836,718.3000,1238
kitti_mini,000015,3.0000,122583,18540,2098,0.7331,718.3000,1238
kitti_mini,000049,0.0000,113691,18093,4557,0.9925,721.5000,1242
kitti_mini,000049,0.5000,113691,18134,4559,0.9746,721.5000,1242
kitti_mini,000049,1.0000,113691,18174,4553,0.9350,721.5000,1242
kitti_mini,000049,2.0000,113691,18229,4516,0.8474,721.5000,1242
kitti_mini,000049,3.0000,113691,18231,4470,0.7432,721.5000,1242
nuscenes_mini_subset,scene-0103_010,0.0000,34720,3120,100,1.0000,1252.8000,1600
nuscenes_mini_subset,scene-0103_010,0.5000,34720,3126,99,0.9697,1252.8000,1600
nuscenes_mini_subset,scene-0103_010,1.0000,34720,3125,97,0.9072,1252.8000,1600
nuscenes_mini_subset,scene-0103_010,2.0000,34720,3126,92,0.7500,1252.8000,1600
nuscenes_mini_subset,scene-0103_010,3.0000,34720,3133,89,0.6517,1252.8000,1600
nuscenes_mini_subset,scene-0103_020,0.0000,34752,2990,243,1.0000,1252.8000,1600
nuscenes_mini_subset,scene-0103_020,0.5000,34752,2982,251,0.9761,1252.8000,1600
nuscenes_mini_subset,scene-0103_020,1.0000,34752,2973,256,0.9531,1252.8000,1600
nuscenes_mini_subset,scene-0103_020,2.0000,34752,2965,274,0.8686,1252.8000,1600
nuscenes_mini_subset,scene-0103_020,3.0000,34752,2960,287,0.7805,1252.8000,1600
nuscenes_mini_subset,scene-1094_010,0.0000,34688,3592,359,1.0000,1266.4000,1600
nuscenes_mini_subset,scene-1094_010,0.5000,34688,3594,346,1.0000,1266.4000,1600
nuscenes_mini_subset,scene-1094_010,1.0000,34688,3600,334,0.9671,1266.4000,1600
nuscenes_mini_subset,scene-1094_010,2.0000,34688,3609,310,0.8645,1266.4000,1600
nuscenes_mini_subset,scene-1094_010,3.0000,34688,3618,286,0.7517,1266.4000,1600
nuscenes_mini_subset,scene-1094_020,0.0000,34720,2805,90,1.0000,1266.4000,1600
nuscenes_mini_subset,scene-1094_020,0.5000,34720,2792,93,0.9247,1266.4000,1600
nuscenes_mini_subset,scene-1094_020,1.0000,34720,2793,98,0.8673,1266.4000,1600
nuscenes_mini_subset,scene-1094_020,2.0000,34720,2783,103,0.7379,1266.4000,1600
nuscenes_mini_subset,scene-1094_020,3.0000,34720,2765,106,0.6321,1266.4000,1600
