frame,obj,type,dist_m,box_w_px,n_pts,occluded,truncated,yaw0,yaw0.5,yaw1,yaw2,yaw3
000008,0,Car,3.700,402.300,6237,3,0.880,0.226,0.220,0.212,0.199,0.188
000008,1,Car,7.900,289.600,1940,1,0.000,1.000,1.000,1.000,0.994,0.976
000008,2,Car,6.200,303.700,1041,3,0.340,0.837,0.858,0.864,0.848,0.843
000008,3,Car,14.400,123.300,668,1,0.000,1.000,1.000,0.981,0.864,0.729
000008,4,Car,33.200,51.100,53,0,0.000,1.000,0.906,0.755,0.321,0.057
000008,5,Car,20.000,71.900,164,0,0.000,1.000,0.988,0.866,0.604,0.378
000011,0,Pedestrian,12.400,53.700,151,1,0.000,0.993,0.934,0.821,0.291,0.066
000011,1,Pedestrian,13.400,59.700,35,2,0.000,1.000,1.000,1.000,0.600,0.171
000011,2,Car,26.600,60.700,208,0,0.000,1.000,0.957,0.856,0.611,0.365
000011,3,Pedestrian,34.100,15.300,40,0,0.000,1.000,0.525,0.075,0.000,0.000
000011,4,Car,4.100,85.900,3251,0,0.980,0.064,0.053,0.043,0.024,0.007
000011,5,Pedestrian,15.900,27.700,81,0,0.000,1.000,0.815,0.346,0.000,0.000
000015,0,Car,4.100,414.700,5857,0,0.890,0.279,0.275,0.271,0.264,0.258
000015,1,Pedestrian,7.600,79.600,386,1,0.000,0.961,0.855,0.697,0.326,0.067
000015,2,Pedestrian,24.100,17.900,55,0,0.000,0.891,0.345,0.000,0.000,0.000
000015,3,Pedestrian,24.200,19.800,70,0,0.000,0.843,0.443,0.086,0.000,0.000
000015,4,Pedestrian,23.300,23.100,66,0,0.000,1.000,0.758,0.258,0.000,0.000
