dataset,frame,yaw_deg,n_points,inside_image,object_points,hit_ratio
kitti_mini,000008,0,122555,17238,5127,0.9963
kitti_mini,000008,0.5,122555,17281,5104,0.9957
kitti_mini,000008,1,122555,17316,5071,0.9862
kitti_mini,000008,2,122555,17384,5008,0.9481
kitti_mini,000008,3,122555,17436,4943,0.9098
kitti_mini,000011,0,108004,19946,725,0.9945
kitti_mini,000011,0.5,108004,19946,690,0.9188
kitti_mini,000011,1,108004,19952,656,0.7744
kitti_mini,000011,2,108004,19963,592,0.4544
kitti_mini,000011,3,108004,19948,537,0.2123
kitti_mini,000015,0,122583,18334,2227,0.9798
kitti_mini,000015,0.5,122583,18379,2206,0.9257
kitti_mini,000015,1,122583,18441,2182,0.8621
kitti_mini,000015,2,122583,18470,2135,0.7836
kitti_mini,000015,3,122583,18540,2098,0.7331
kitti_mini,000049,0,113691,18093,4557,0.9925
kitti_mini,000049,0.5,113691,18134,4559,0.9746
kitti_mini,000049,1,113691,18174,4553,0.935
kitti_mini,000049,2,113691,18229,4516,0.8474
kitti_mini,000049,3,113691,18231,4470,0.7432
