group_by,group,yaw_deg,n,hits,hit_ratio
type,Car,0.0,10651,10616,0.9967
type,Car,0.5,10571,10484,0.9918
type,Car,1.0,10473,10203,0.9742
type,Car,2.0,10262,9497,0.9255
type,Car,3.0,10059,8766,0.8715
type,Pedestrian,0.0,1645,1578,0.9593
type,Pedestrian,0.5,1648,1388,0.8422
type,Pedestrian,1.0,1649,1133,0.6871
type,Pedestrian,2.0,1649,752,0.456
type,Pedestrian,3.0,1649,478,0.2899
type,Van,0.0,340,340,1.0
type,Van,0.5,340,329,0.9676
type,Van,1.0,340,311,0.9147
type,Van,2.0,340,268,0.7882
type,Van,3.0,340,227,0.6676
dist_bin,0-15m,0.0,9999,9919,0.992
dist_bin,0-15m,0.5,9923,9760,0.9836
dist_bin,0-15m,1.0,9833,9508,0.9669
dist_bin,0-15m,2.0,9643,8778,0.9103
dist_bin,0-15m,3.0,9450,8090,0.8561
dist_bin,15-30m,0.0,2068,2051,0.9918
dist_bin,15-30m,0.5,2067,1925,0.9313
dist_bin,15-30m,1.0,2060,1689,0.8199
dist_bin,15-30m,2.0,2039,1361,0.6675
dist_bin,15-30m,3.0,2029,1071,0.5278
dist_bin,>30m,0.0,569,564,0.9912
dist_bin,>30m,0.5,569,516,0.9069
dist_bin,>30m,1.0,569,450,0.7909
dist_bin,>30m,2.0,569,378,0.6643
dist_bin,>30m,3.0,569,310,0.5448
